date,max,min
2014.01.01   ,5,-1
2014.01.02   ,4,0
2014.01.03   ,8,2
2014.01.04   ,8,4
2014.01.05   ,11,5
2014.01.06   ,9,3
2014.01.07   ,9,4
2014.01.08   ,9,3
2014.01.09   ,9,2
2014.01.10   ,9,2
2014.01.11   ,8,4
2014.01.12   ,7,0
2014.01.13   ,7,1
2014.01.14   ,6,1
2014.01.15   ,6,0
2014.01.16   ,7,0
2014.01.17   ,10,5
2014.01.18   ,9,6
2014.01.19   ,10,6
2014.01.20   ,10,6
2014.01.21   ,9,4
2014.01.22   ,6,0
2014.01.23   ,4,-1
2014.01.24   ,1,-1
2014.01.25   ,0,-6
2014.01.26   ,-4,-8
2014.01.27   ,-4,-9
2014.01.28   ,-1,-4
2014.01.29   ,-2,-6
2014.01.30   ,0,-4
2014.01.31   ,-1,-4
2014.02.01   ,-1,-4
2014.02.02   ,2,-3
2014.02.03   ,2,-3
2014.02.04   ,0,-5
2014.02.05   ,0,-3
2014.02.06   ,3,-1
2014.02.07   ,4,1
2014.02.08   ,7,2
2014.02.09   ,7,2
2014.02.10   ,7,4
2014.02.11   ,8,3
2014.02.12   ,11,2
2014.02.13   ,7,2
2014.02.14   ,6,2
2014.02.15   ,7,2
2014.02.16   ,10,5
2014.02.17   ,9,2
2014.02.18   ,10,4
2014.02.19   ,11,4
2014.02.20   ,12,4
2014.02.21   ,9,6
2014.02.22   ,9,4
2014.02.23   ,12,3
2014.02.24   ,10,3
2014.02.25   ,11,4
2014.02.26   ,12,4
2014.02.27   ,13,5
2014.02.28   ,10,3
2014.03.01   ,11,3
2014.03.02   ,13,4
2014.03.03   ,11,6
2014.03.04   ,13,5
2014.03.05   ,14,7
2014.03.06   ,14,5
2014.03.07   ,13,6
2014.03.08   ,15,5
2014.03.09   ,13,4
2014.03.10   ,12,4
2014.03.11   ,18,7
2014.03.12   ,17,6
2014.03.13   ,20,8
2014.03.14   ,19,9
2014.03.15   ,17,5
2014.03.16   ,14,8
2014.03.17   ,14,6
2014.03.18   ,18,11
2014.03.19   ,15,7
2014.03.20   ,20,8
2014.03.21   ,19,9
2014.03.22   ,20,10
2014.03.23   ,20,10
2014.03.24   ,10,3
2014.03.25   ,13,4
2014.03.26   ,15,5
2014.03.27   ,17,6
2014.03.28   ,20,8
2014.03.29   ,20,6
2014.03.30   ,22,7
2014.03.31   ,22,9
2014.04.01   ,21,8
2014.04.02   ,20,8
2014.04.03   ,21,9
2014.04.04   ,24,13
2014.04.05   ,21,10
2014.04.06   ,21,11
2014.04.07   ,24,11
2014.04.08   ,23,11
2014.04.09   ,15,5
2014.04.10   ,13,4
2014.04.11   ,17,5
2014.04.12   ,19,7
2014.04.13   ,19,7
2014.04.14   ,19,3
2014.04.15   ,13,2
2014.04.16   ,14,3
2014.04.17   ,15,6
2014.04.18   ,22,10
2014.04.19   ,21,8
2014.04.20   ,17,8
2014.04.21   ,22,10
2014.04.22   ,23,11
2014.04.23   ,26,13
2014.04.24   ,25,12
2014.04.25   ,23,13
2014.04.26   ,23,9
2014.04.27   ,23,9
2014.04.28   ,26,12
2014.04.29   ,25,11
2014.04.30   ,25,11
2014.05.01   ,27,11
2014.05.02   ,26,11
2014.05.03   ,24,8
2014.05.04   ,17,5
2014.05.05   ,19,6
2014.05.06   ,20,8
2014.05.07   ,24,12
2014.05.08   ,23,10
2014.05.09   ,26,13
2014.05.10   ,23,12
2014.05.11   ,25,9
2014.05.12   ,19,8
2014.05.13   ,17,8
2014.05.14   ,15,6
2014.05.15   ,12,9
2014.05.16   ,18,7
2014.05.17   ,20,9
2014.05.18   ,18,9
2014.05.19   ,24,12
2014.05.20   ,27,13
2014.05.21   ,29,16
2014.05.22   ,29,17
2014.05.23   ,30,16
2014.05.24   ,31,15
2014.05.25   ,32,16
2014.05.26   ,29,15
2014.05.27   ,28,13
2014.05.28   ,23,11
2014.05.29     ,22,11
2014.05.30   ,16,6
2014.05.31   ,21,12
2014.06.01   ,24,11
2014.06.02   ,22,8
2014.06.03   ,25,10
2014.06.04   ,26,11
2014.06.05   ,29,15
2014.06.06   ,30,14
2014.06.07   ,32,16
2014.06.08   ,34,17
2014.06.09   ,36,19
2014.06.10   ,37,18
2014.06.11   ,36,16
2014.06.12   ,34,17
2014.06.13   ,28,13
2014.06.14   ,26,11
2014.06.15   ,30,11
2014.06.16   ,27,13
2014.06.17   ,28,13
2014.06.18   ,29,12
2014.06.19   ,29,14
2014.06.20   ,24,10
2014.06.21   ,25,10
2014.06.22   ,27,12
2014.06.23   ,29,14
2014.06.24   ,29,14
2014.06.25   ,20,10
2014.06.26   ,27,10
2014.06.27   ,30,13
2014.06.28   ,29,15
2014.06.29   ,32,15
2014.06.30   ,22,11
2014.07.01   ,27,12
2014.07.02   ,30,15
2014.07.03   ,28,13
2014.07.04   ,31,14
2014.07.05   ,32,17
2014.07.06   ,34,19
2014.07.07   ,36,20
2014.07.08   ,33,16
2014.07.09   ,27,12
2014.07.10   ,30,15
2014.07.11   ,26,15
2014.07.12   ,29,15
2014.07.13   ,29,15
2014.07.14   ,32,18
2014.07.15   ,34,18
2014.07.16   ,33,18
2014.07.17   ,34,18
2014.07.18   ,32,19
2014.07.19   ,36,19
2014.07.20   ,35,20
2014.07.21   ,35,19
2014.07.22   ,27,18
2014.07.23   ,27,15
2014.07.24   ,30,17
2014.07.25   ,33,18
2014.07.26   ,33,18
2014.07.27   ,35,19
2014.07.28   ,30,18
2014.07.29   ,31,18
2014.07.30   ,33,20
2014.07.31   ,30,20
2014.08.01   ,35,19
2014.08.02   ,35,19
2014.08.03   ,34,20
2014.08.04   ,34,20
2014.08.05   ,31,18
2014.08.06   ,31,18
2014.08.07   ,30,18
2014.08.08   ,31,18
2014.08.09   ,32,19
2014.08.10   ,33,21
2014.08.11   ,33,17
2014.08.12   ,31,18
2014.08.13   ,34,15
2014.08.14   ,23,13
2014.08.15   ,29,13
2014.08.16   ,24,12
2014.08.17   ,26,13
2014.08.18   ,28,16
2014.08.19   ,28,16
2014.08.20   ,28,15
2014.08.21   ,23,11
2014.08.22   ,27,13
2014.08.23   ,27,14
2014.08.24   ,23,10
2014.08.25   ,24,13
2014.08.26   ,26,17
2014.08.27   ,23,11
2014.08.28   ,26,13
2014.08.29   ,27,13
2014.08.30   ,30,14
2014.08.31   ,29,16
2014.09.01   ,28,16
2014.09.02   ,25,16
2014.09.03   ,28,17
2014.09.04   ,29,17
2014.09.05   ,28,16
2014.09.06   ,28,17
2014.09.07   ,29,17
2014.09.08   ,29,17
2014.09.09   ,29,18
2014.09.10   ,22,15
2014.09.11   ,22,15
2014.09.12   ,20,14
2014.09.13   ,24,16
2014.09.14   ,21,15
2014.09.15   ,20,13
2014.09.16   ,24,13
2014.09.17   ,26,14
2014.09.18   ,25,13
2014.09.19   ,21,13
2014.09.20   ,27,16
2014.09.21   ,26,16
2014.09.22   ,18,8
2014.09.23   ,17,8
2014.09.24   ,18,8
2014.09.25   ,19,9
2014.09.26   ,20,10
2014.09.27   ,20,11
2014.09.28   ,25,13
2014.09.29   ,24,12
2014.09.30   ,24,12
2014.10.01   ,23,15
2014.10.02   ,23,12
2014.10.03   ,20,12
2014.10.04   ,20,12
2014.10.05   ,20,10
2014.10.06   ,19,10
2014.10.07   ,19,10
2014.10.08   ,17,11
2014.10.09   ,22,12
2014.10.10   ,25,14
2014.10.11   ,25,14
2014.10.12   ,26,15
2014.10.13   ,25,16
2014.10.14   ,25,13
2014.10.15   ,18,13
2014.10.16   ,22,14
2014.10.17   ,19,10
2014.10.18   ,21,13
2014.10.19   ,19,10
2014.10.20   ,22,14
2014.10.21   ,18,12
2014.10.22   ,9,5
2014.10.23   ,12,7
2014.10.24   ,10,6
2014.10.25   ,14,5
2014.10.26   ,13,4
2014.10.27   ,15,5
2014.10.28   ,16,3
2014.10.29   ,12,3
2014.10.30   ,12,6
2014.10.31   ,13,4
2014.11.01   ,14,5
2014.11.02   ,13,5
2014.11.03   ,12,5
2014.11.04   ,15,7
2014.11.05   ,16,8
2014.11.06   ,16,10
2014.11.07   ,17,11
2014.11.08   ,18,10
2014.11.09   ,17,9
2014.11.10   ,17,10
2014.11.11   ,16,8
2014.11.12   ,13,9
2014.11.13   ,15,8
2014.11.14   ,15,7
2014.11.15   ,13,6
2014.11.16   ,10,7
2014.11.17,10,7
2014.11.18,10,6
2014.11.19,10,4
2014.11.20 ,9,3
2014.11.21 ,9,2
2014.11.22 ,8,1
2014.11.23 ,8,1
2014.11.24 ,6,2
2014.11.25 ,6,1
2014.11.26 ,5,-1
2014.11.27cs?t?rt?k ,4,-5
2014.11.28p?ntek ,2,1
2014.11.29szombat ,2,1
2014.11.30vas?rnap ,3,0
2014.12.01h?tfo ,2,0
2014.12.02kedd ,2,1
2014.12.03szerda ,6,2
2014.12.04cs?t?rt?k ,7,1
2014.12.05p?ntek ,7,4
2014.12.06szombat ,8,4
2014.12.07vas?rnap ,6,3
2014.12.08h?tfo ,5,0
2014.12.09kedd ,4,-1
2014.12.10szerda ,4,0
2014.12.11cs?t?rt?k ,5,-5
2014.12.12p?ntek ,6,-4
2014.12.13szombat ,7,-2
2014.12.14vas?rnap ,8,4
2014.12.15h?tfo ,8,3
2014.12.16kedd ,7,2
2014.12.17szerda ,8,3
2014.12.18cs?t?rt?k ,9,-1
2014.12.19p?ntek ,11,5
2014.12.20szombat ,9,2
2014.12.21vas?rnap ,6,2
2014.12.22h?tfo ,9,4
2014.12.23kedd ,11,4
2014.12.24szerda ,10,3
2014.12.25cs?t?rt?k ,9,2
2014.12.26p?ntek ,4,-2
2014.12.27szombat ,2,-3
2014.12.28vas?rnap ,0,-5
2014.12.29h?tfo ,-2,-8
2014.12.30kedd ,-5,-10
2014.12.31szerda ,-4,-9
2015.01.01cs?t?rt?k ,-3,-13
2015.01.02p?ntek ,1,-7
2015.01.03szombat ,4,-1
2015.01.04vas?rnap ,3,-3
2015.01.05h?tfo ,3,-4
2015.01.06kedd ,3,-6
2015.01.07szerda ,-4,-7
2015.01.08cs?t?rt?k ,-1,-4
2015.01.09p?ntek ,4,-3
2015.01.10szombat ,12,8
2015.01.11vas?rnap ,6,1
2015.01.12h?tfo ,5,0
2015.01.13kedd ,7,-5
2015.01.14szerda ,6,1
2015.01.15cs?t?rt?k ,6,0
2015.01.16p?ntek ,6,1
2015.01.17szombat ,7,1
2015.01.18vas?rnap ,9,4
2015.01.19h?tfo ,7,3
2015.01.20kedd ,6,3
2015.01.21szerda ,8,4
2015.01.22cs?t?rt?k ,7,4
2015.01.23p?ntek ,9,2
2015.01.24szombat ,6,0
2015.01.25vas?rnap ,3,-2
2015.01.26h?tfo ,2,-1
2015.01.27kedd ,1,-3
2015.01.28szerda ,2,-3
2015.01.29cs?t?rt?k ,1,-2
2015.01.30p?ntek ,6,-1
2015.01.31szombat ,2,-1
2015.02.01vas?rnap ,1,-8
2015.02.02h?tfo ,2,-3
2015.02.03kedd ,3,-2
2015.02.04szerda ,2,-1
2015.02.05cs?t?rt?k ,3,-1
2015.02.06p?ntek ,3,-4
2015.02.07szombat ,1,-3
2015.02.08vas?rnap ,2,-4
2015.02.09h?tfo ,1,-2
2015.02.10kedd ,5,1
2015.02.11szerda ,5,-1
2015.02.12cs?t?rt?k ,6,1
2015.02.13p?ntek ,6,1
2015.02.14szombat ,7,2
2015.02.15vas?rnap ,7,2
2015.02.16h?tfo ,6,-1
2015.02.17kedd ,4,-1
2015.02.18szerda ,6,-1
2015.02.19cs?t?rt?k ,5,0
2015.02.20p?ntek ,7,1
2015.02.21szombat ,10,2
2015.02.22vas?rnap ,9,5
2015.02.23h?tfo ,9,4
2015.02.24kedd ,12,5
2015.02.25szerda ,10,5
2015.02.26cs?t?rt?k ,8,5
2015.02.27p?ntek ,10,5
2015.02.28szombat ,10,3
2015.03.01vas?rnap ,11,5
2015.03.02h?tfo ,14,3
2015.03.03kedd ,8,2
2015.03.04szerda ,10,3
2015.03.05cs?t?rt?k ,8,1
2015.03.06p?ntek ,8,0
2015.03.07szombat ,12,2
2015.03.08vas?rnap ,10,3
2015.03.09h?tfo ,13,5
2015.03.10kedd ,15,5
2015.03.11szerda ,14,5
2015.03.12cs?t?rt?k ,10,4
2015.03.13p?ntek ,10,4
2015.03.15vas?rnap ,14,7
2015.03.16h?tfo ,14,7
2015.03.17kedd ,14,3
2015.03.18szerda ,11,2
2015.03.19cs?t?rt?k ,11,5
2015.03.20p?ntek ,13,4
2015.03.21szombat ,14,6
2015.03.22vas?rnap ,14,3
2015.03.23h?tfo ,14,5
2015.03.24kedd ,15,7
2015.03.25szerda ,17,9
2015.03.26cs?t?rt?k ,20,10
2015.03.27p?ntek ,14,8
2015.03.28szombat ,12,3
2015.03.29vas?rnap ,13,8
2015.03.30h?tfo ,12,3
2015.03.31kedd ,12,6
2015.04.01szerda ,9,3
2015.04.02cs?t?rt?k ,9,1
2015.04.03p?ntek ,9,1
2015.04.04szombat ,12,2
2015.04.05vas?rnap ,11,1
2015.04.06h?tfo ,10,3
2015.04.07kedd ,12,2
2015.04.08szerda ,14,5
2015.04.09cs?t?rt?k ,17,5
2015.04.10p?ntek ,18,8
2015.04.11szombat ,21,10
2015.04.12vas?rnap ,21,9
2015.04.13h?tfo ,21,7
2015.04.14kedd ,14,8
2015.04.15szerda ,23,12
2015.04.16cs?t?rt?k ,26,11
2015.04.17p?ntek ,24,10
2015.04.18szombat ,14,3
2015.04.19vas?rnap ,14,5
2015.04.20h?tfo ,16,5
2015.04.21kedd ,17,7
2015.04.22szerda ,20,8
2015.04.23cs?t?rt?k ,21,9
2015.04.24p?ntek ,23,11
2015.04.25szombat ,23,12
2015.04.26vas?rnap ,22,11
2015.04.27h?tfo ,24,13
2015.04.28kedd ,18,8
2015.04.29szerda ,20,7
2015.04.30cs?t?rt?k ,19,9
2015.05.01p?ntek ,20,13
2015.05.02szombat ,21,11
2015.05.03vas?rnap ,19,12
2015.05.04h?tfo ,28,15
2015.05.05kedd ,29,17
2015.05.06szerda ,29,14
2015.05.07cs?t?rt?k ,25,12
2015.05.08p?ntek ,25,12
2015.05.09szombat ,26,14
2015.05.10vas?rnap ,22,8
2015.05.11h?tfo ,23,9
2015.05.12kedd ,25,13
2015.05.13szerda ,25,13
2015.05.14cs?t?rt?k ,23,9
2015.05.15p?ntek ,19,11
2015.05.16szombat ,25,12
2015.05.17vas?rnap ,22,9
2015.05.18h?tfo ,25,13
2015.05.19kedd ,30,14
2015.05.20szerda ,31,11
2015.05.21cs?t?rt?k ,22,14
2015.05.22p?ntek ,23,13
2015.05.23szombat ,22,13
2015.05.24vas?rnap ,27,13
2015.05.25h?tfo ,25,15
2015.05.26kedd ,21,11
2015.05.27szerda ,20,10
2015.05.28cs?t?rt?k ,21,10
2015.05.29p?ntek ,26,12
2015.05.30szombat ,27,15
2015.05.31vas?rnap ,28,15
2015.06.01h?tfo ,30,16
2015.06.02kedd ,32,18
2015.06.03szerda ,32,20
2015.06.04cs?t?rt?k ,32,15
2015.06.05p?ntek ,27,15
2015.06.06szombat ,33,18
2015.06.07vas?rnap ,32,18
2015.06.08h?tfo ,32,18
2015.06.09kedd ,31,18
2015.06.10szerda ,32,18
2015.06.11cs?t?rt?k ,32,18
2015.06.12p?ntek ,32,20
2015.06.13szombat ,32,19
2015.06.14vas?rnap ,33,20
2015.06.15h?tfo ,31,17
2015.06.16kedd ,28,16
2015.06.17szerda ,22,12
2015.06.18cs?t?rt?k ,25,14
2015.06.19p?ntek ,25,11
2015.06.20szombat ,24,10
2015.06.21vas?rnap ,23,11
2015.06.22h?tfo ,26,14
2015.06.23kedd ,20,12
2015.06.24szerda ,23,12
2015.06.25cs?t?rt?k ,26,13
2015.06.26p?ntek ,27,15
2015.06.27szombat ,28,16
2015.06.28vas?rnap ,26,15
2015.06.29h?tfo ,28,15
2015.06.30kedd ,30,16
2015.07.01szerda ,31,17
2015.07.02cs?t?rt?k ,31,17
2015.07.03p?ntek ,31,18
2015.07.04szombat ,34,21
2015.07.05vas?rnap ,36,22
2015.07.06h?tfo ,37,20
2015.07.07kedd ,37,24
2015.07.08szerda ,38,17
2015.07.09cs?t?rt?k ,27,13
2015.07.10p?ntek ,25,13
2015.07.11szombat ,28,14
2015.07.12vas?rnap ,32,20
2015.07.13h?tfo ,30,18
2015.07.14kedd ,28,17
2015.07.15szerda ,30,18
2015.07.16cs?t?rt?k ,35,21
2015.07.17p?ntek ,37,23
2015.07.18szombat ,39,23
2015.07.19vas?rnap ,39,26
2015.07.20h?tfo ,33,21
2015.07.21kedd ,36,24
2015.07.22szerda ,39,24
2015.07.23cs?t?rt?k ,39,22
2015.07.24p?ntek ,37,24
2015.07.25szombat ,36,18
2015.07.26vas?rnap ,25,17
2015.07.27h?tfo ,30,17
2015.07.28kedd ,23,19
2015.07.29szerda ,25,16
2015.07.30cs?t?rt?k ,20,14
2015.07.31p?ntek ,27,13
2015.08.01szombat ,32,17
2015.08.02vas?rnap ,30,19
2015.08.03h?tfo ,35,22
2015.08.04kedd ,35,22
2015.08.05szerda ,36,23
2015.08.06cs?t?rt?k ,37,24
2015.08.07p?ntek ,36,24
2015.08.08szombat ,38,24
2015.08.09vas?rnap ,38,23
2015.08.10h?tfo ,36,23
2015.08.11kedd ,37,23
2015.08.12szerda ,39,24
2015.08.13cs?t?rt?k ,38,24
2015.08.14p?ntek ,36,22
2015.08.15szombat ,38,24
2015.08.16vas?rnap ,37,20
2015.08.17h?tfo ,27,17
2015.08.18kedd ,25,16
2015.08.19szerda ,23,15
2015.08.20cs?t?rt?k ,24,15
2015.08.21p?ntek ,25,16
2015.08.22szombat ,23,15
2015.08.23vas?rnap ,27,17
2015.08.24h?tfo ,30,20
2015.08.25kedd ,26,16
2015.08.26szerda ,32,20
2015.08.27cs?t?rt?k ,33,21
2015.08.28p?ntek ,35,24
2015.08.29szombat ,38,23
2015.08.30vas?rnap ,37,25
2015.08.31h?tfo ,38,24
2015.09.01kedd ,36,21
2015.09.02szerda ,32,18
2015.09.03cs?t?rt?k ,32,19
2015.09.04p?ntek ,28,18
2015.09.05szombat ,20,12
2015.09.06vas?rnap ,21,11
2015.09.07h?tfo ,19,10
2015.09.08kedd ,21,11
2015.09.09szerda ,22,12
2015.09.10cs?t?rt?k ,22,13
2015.09.11p?ntek ,17,11
2015.09.12szombat ,26,15
2015.09.13vas?rnap ,26,15
2015.09.14h?tfo ,30,18
2015.09.15kedd ,31,20
2015.09.16szerda ,32,23
2015.09.17cs?t?rt?k ,34,19
2015.09.18p?ntek ,34,19
2015.09.19szombat ,29,17
2015.09.20vas?rnap ,23,12
2015.09.21h?tfo ,22,13
2015.09.22kedd ,24,15
2015.09.23szerda ,28,14
2015.09.24cs?t?rt?k ,28,16
2015.09.25p?ntek ,20,15
2015.09.26szombat ,17,12
2015.09.27vas?rnap ,20,10
2015.09.28h?tfo ,18,12
2015.09.29kedd ,18,9
2015.09.30szerda ,17,8
2015.10.01cs?t?rt?k ,20,11
2015.10.02p?ntek ,22,13
2015.10.03szombat ,22,14
2015.10.04vas?rnap ,24,14
2015.10.05h?tfo ,22,13
2015.10.06kedd ,23,15
2015.10.07szerda ,22,11
2015.10.08cs?t?rt?k ,18,12
2015.10.09p?ntek ,18,12
2015.10.10szombat ,16,10
2015.10.11vas?rnap ,11,6
2015.10.12h?tfo ,11,5
2015.10.13kedd ,12,4
2015.10.14szerda ,13,10
2015.10.15cs?t?rt?k ,15,11
2015.10.16p?ntek ,17,10
2015.10.17szombat ,17,9
2015.10.18vas?rnap ,16,11
2015.10.19h?tfo ,14,8
2015.10.20kedd ,12,5
2015.10.21szerda ,13,6
2015.10.22cs?t?rt?k ,14,7
2015.10.23p?ntek ,15,8
2015.10.24szombat ,15,8
2015.10.25vas?rnap ,15,9
2015.10.26h?tfo ,15,7
2015.10.27kedd ,14,7
2015.10.28szerda ,15,7
2015.10.29cs?t?rt?k ,14,5
2015.10.30p?ntek ,15,8
2015.10.31szombat ,17,8
2015.11.01vas?rnap ,16,3
2015.11.02h?tfo ,13,3
2015.11.03kedd ,13,4
2015.11.04szerda ,13,3
2015.11.05cs?t?rt?k ,15,7
2015.11.06p?ntek ,15,7
2015.11.07szombat ,15,10
2015.11.08vas?rnap ,18,9
2015.11.09h?tfo ,18,11
2015.11.10kedd ,18,12
2015.11.11szerda ,19,12
2015.11.12cs?t?rt?k ,18,10
2015.11.13p?ntek ,14,8
2015.11.14szombat ,12,6
2015.11.15vas?rnap ,10,4
2015.11.16h?tfo ,16,10
2015.11.17kedd ,17,5
2015.11.18szerda ,19,9
2015.11.19cs?t?rt?k ,17,9
2015.11.20p?ntek ,15,12
2015.11.21szombat ,9,3
2015.11.22vas?rnap ,6,1
2015.11.23h?tfo ,6,1
2015.11.24kedd ,6,0
2015.11.25szerda ,5,0
2015.11.26cs?t?rt?k ,5,-5
2015.11.27p?ntek ,5,1
2015.11.28szombat ,3,1
2015.11.29vas?rnap ,5,2
2015.11.30h?tfo ,10,3
2015.12.01kedd ,11,5
2015.12.02szerda ,11,6
2015.12.03cs?t?rt?k ,13,3
2015.12.04p?ntek ,9,0
2015.12.05szombat ,9,4
2015.12.06vas?rnap ,10,4
2015.12.07h?tfo ,9,3
2015.12.08kedd ,7,1
2015.12.09szerda ,6,2
2015.12.10cs?t?rt?k ,7,2
2015.12.11p?ntek ,7,1
2015.12.12szombat ,8,2
2015.12.13vas?rnap ,7,1
2015.12.14h?tfo ,6,0
2015.12.15kedd ,5,1
2015.12.16szerda ,8,2
2015.12.17cs?t?rt?k ,4,0
2015.12.18p?ntek ,5,-6
2015.12.19szombat ,5,2
2015.12.20vas?rnap ,5,1
2015.12.21h?tfo ,7,4
2015.12.22kedd ,10,5
2015.12.23szerda ,10,3
2015.12.24cs?t?rt?k ,8,2
2015.12.25p?ntek ,9,4
2015.12.26szombat ,11,5
2015.12.27vas?rnap ,12,5
2015.12.28h?tfo ,11,3
2015.12.29kedd ,8,-1
2015.12.30szerda ,2,-4
2015.12.31cs?t?rt?k ,2,-4
2016.01.01p?ntek ,-1,-4
2016.01.02szombat ,-2,-7
2016.01.03vas?rnap ,-4,-7
2016.01.04h?tfo ,-6,-8
2016.01.05kedd ,-3,-9
2016.01.06szerda ,0,-8
2016.01.07cs?t?rt?k ,1,-5
2016.01.08p?ntek ,2,-9
2016.01.09szombat ,2,0
2016.01.10vas?rnap ,4,1
2016.01.11h?tfo ,10,3
2016.01.12kedd ,6,2
2016.01.13szerda ,6,1
2016.01.14cs?t?rt?k ,5,-1
2016.01.15p?ntek ,2,-2
2016.01.16szombat ,4,-3
2016.01.17vas?rnap ,1,-4
2016.01.18h?tfo ,2,-4
2016.01.19kedd ,1,-5
2016.01.20szerda ,0,-4
2016.01.21cs?t?rt?k ,1,-4
2016.01.22p?ntek ,3,-3
2016.01.23szombat ,-1,-5
2016.01.24vas?rnap ,2,-1
2016.01.25h?tfo ,3,0
2016.01.26kedd ,5,2
2016.01.27szerda ,9,3
2016.01.28cs?t?rt?k ,9,3
2016.01.29p?ntek ,8,3
2016.01.30szombat ,9,2
2016.01.31vas?rnap ,9,4
2016.02.01h?tfo ,11,-2
2016.02.02kedd ,12,4
2016.02.03szerda ,9,2
2016.02.04cs?t?rt?k ,6,1
2016.02.05p?ntek ,6,1
2016.02.06szombat ,7,1
2016.02.07vas?rnap ,8,4
2016.02.08h?tfo ,9,6
2016.02.09kedd ,13,8
2016.02.10szerda ,9,3
2016.02.11cs?t?rt?k ,7,2
2016.02.12p?ntek ,8,1
2016.02.13szombat ,6,2
2016.02.14vas?rnap ,10,4
2016.02.15h?tfo ,8,3
2016.02.16kedd ,8,3
2016.02.17szerda ,11,7
2016.02.18cs?t?rt?k ,12,7
2016.02.19p?ntek ,8,2
2016.02.20szombat ,7,-3
2016.02.21vas?rnap ,11,7
2016.02.22h?tfo ,14,8
2016.02.23kedd ,13,7
2016.02.24szerda ,8,1
2016.02.25cs?t?rt?k ,7,-2
2016.02.26p?ntek ,7,0
2016.02.27szombat ,7,-2
2016.02.28vas?rnap ,12,7
2016.02.29h?tfo ,13,8
2016.03.01kedd ,10,2
2016.03.02szerda ,10,4
2016.03.03cs?t?rt?k ,9,4
2016.03.04p?ntek ,13,3
2016.03.05szombat ,13,7
2016.03.06vas?rnap ,13,6
2016.03.07h?tfo ,11,5
2016.03.08kedd ,12,3
2016.03.09szerda ,13,5
2016.03.10cs?t?rt?k ,14,8
2016.03.11p?ntek ,14,6
2016.03.12szombat ,12,6
2016.03.13vas?rnap ,13,2
2016.03.14h?tfo ,10,3
2016.03.15kedd ,6,3
2016.03.16szerda ,10,5
2016.03.17cs?t?rt?k ,13,5
2016.03.18p?ntek ,13,5
2016.03.19szombat ,11,2
2016.03.20vas?rnap ,13,5
2016.03.21h?tfo ,12,4
2016.03.22kedd ,12,4
2016.03.23szerda ,11,5
2016.03.24cs?t?rt?k ,12,3
2016.03.25p?ntek ,11,6
2016.03.26szombat ,13,6
2016.03.27vas?rnap ,14,5
2016.03.28h?tfo ,14,8
2016.03.29kedd ,16,6
2016.03.30szerda ,19,10
2016.03.31cs?t?rt?k ,21,12
2016.04.01p?ntek ,22,9
2016.04.02szombat ,15,6
2016.04.03vas?rnap ,21,12
2016.04.04h?tfo ,24,12
2016.04.05kedd ,25,13
2016.04.06szerda ,24,12
2016.04.07cs?t?rt?k ,25,14
2016.04.08p?ntek ,23,14
2016.04.09szombat ,20,12
2016.04.10vas?rnap ,19,11
2016.04.11h?tfo ,20,12
2016.04.12kedd ,22,12
2016.04.13szerda ,23,11
2016.04.14cs?t?rt?k ,17,8
2016.04.15p?ntek ,20,10
2016.04.16szombat ,23,12
2016.04.17vas?rnap ,25,12
2016.04.18h?tfo ,23,9
2016.04.19kedd ,19,7
2016.04.20szerda ,15,7
2016.04.21cs?t?rt?k ,20,10
2016.04.22p?ntek ,22,9
2016.04.23szombat ,21,11
2016.04.24vas?rnap ,11,4
2016.04.25h?tfo ,12,2
2016.04.26kedd ,15,6
2016.04.27szerda ,13,2
2016.04.28cs?t?rt?k ,16,8
2016.04.29p?ntek ,20,10
2016.04.30szombat ,21,10
2016.05.01vas?rnap ,20,11
2016.05.02h?tfo ,22,12
2016.05.03kedd ,20,11
2016.05.04szerda ,21,10
2016.05.05cs?t?rt?k ,23,10
2016.05.06p?ntek ,24,11
2016.05.07szombat ,21,11
2016.05.08vas?rnap ,21,9
2016.05.09h?tfo ,23,10
2016.05.10kedd ,23,12
2016.05.11szerda ,21,12
2016.05.12cs?t?rt?k ,20,11
2016.05.13p?ntek ,21,10
2016.05.14szombat ,20,10
2016.05.15vas?rnap ,15,5
2016.05.16h?tfo ,15,5
2016.05.17kedd ,16,7
2016.05.18szerda ,20,8
2016.05.19cs?t?rt?k ,21,11
2016.05.20p?ntek ,24,12
2016.05.21szombat ,26,13
2016.05.22vas?rnap ,26,15
2016.05.23h?tfo ,28,14
2016.05.24kedd ,22,12
2016.05.25szerda ,24,13
2016.05.26cs?t?rt?k ,26,14
2016.05.27p?ntek ,29,15
2016.05.28szombat ,29,17
2016.05.29vas?rnap ,29,17
2016.05.30h?tfo ,26,13
2016.05.31kedd ,25,12
2016.06.01szerda ,26,14
2016.06.02cs?t?rt?k ,24,12
2016.06.03p?ntek ,28,15
2016.06.04szombat ,28,15
2016.06.05vas?rnap ,28,15
2016.06.06h?tfo ,28,12
2016.06.07kedd ,24,11
2016.06.08szerda ,25,12
2016.06.09cs?t?rt?k ,26,14
2016.06.10p?ntek ,24,14
2016.06.11szombat ,26,15
2016.06.12vas?rnap ,21,15
2016.06.13h?tfo ,27,14
2016.06.14kedd ,25,14
2016.06.15szerda ,23,13
2016.06.16cs?t?rt?k ,30,20
2016.06.17p?ntek ,28,14
2016.06.18szombat ,30,15
2016.06.19vas?rnap ,30,16
2016.06.20h?tfo ,27,15
2016.06.21kedd ,30,17
2016.06.22szerda ,33,20
2016.06.23cs?t?rt?k ,35,22
2016.06.24p?ntek ,35,22
2016.06.25szombat ,35,21
2016.06.26vas?rnap ,34,21
2016.06.27h?tfo ,29,15
2016.06.28kedd ,27,16
2016.06.29szerda ,32,19
2016.06.30cs?t?rt?k ,32,18
2016.07.01p?ntek ,33,20
2016.07.02szombat ,34,18
2016.07.03vas?rnap ,28,15
2016.07.04h?tfo ,27,15
2016.07.05kedd ,30,18
2016.07.06szerda ,26,13
2016.07.07cs?t?rt?k ,24,12
2016.07.08p?ntek ,30,17
2016.07.09szombat ,29,15
2016.07.10vas?rnap ,32,18
2016.07.11h?tfo ,35,19
2016.07.12kedd ,35,20
2016.07.13szerda ,33,16
2016.07.14cs?t?rt?k ,23,14
2016.07.15p?ntek ,26,14
2016.07.16szombat ,18,14
2016.07.17vas?rnap ,19,15
2016.07.18h?tfo ,27,15
2016.07.19kedd ,27,16
2016.07.20szerda ,29,17
2016.07.21cs?t?rt?k ,30,18
2016.07.22p?ntek ,33,19
2016.07.23szombat ,33,21
2016.07.24vas?rnap ,33,21
2016.07.25h?tfo ,34,22
2016.07.26kedd ,34,22
2016.07.27szerda ,34,21
2016.07.28cs?t?rt?k ,31,19
2016.07.29p?ntek ,32,20
2016.07.30szombat ,33,19
2016.07.31vas?rnap ,34,20
2016.08.01h?tfo ,29,16
2016.08.02kedd ,29,17
2016.08.03szerda ,29,18
2016.08.04cs?t?rt?k ,34,20
2016.08.05p?ntek ,36,16
2016.08.06szombat ,30,16
2016.08.07vas?rnap ,29,16
2016.08.08h?tfo ,32,18
2016.08.09kedd ,34,16
2016.08.10szerda ,27,10
2016.08.11cs?t?rt?k ,23,12
2016.08.12p?ntek ,25,12
2016.08.13szombat ,27,16
2016.08.14vas?rnap ,31,18
2016.08.15h?tfo ,31,16
2016.08.16kedd ,29,17
2016.08.17szerda ,28,14
2016.08.18cs?t?rt?k ,29,16
2016.08.19p?ntek ,32,18
2016.08.20szombat ,33,20
2016.08.21vas?rnap ,31,17
2016.08.22h?tfo ,19,14
2016.08.23kedd ,29,16
2016.08.24szerda ,30,17
2016.08.25cs?t?rt?k ,28,17
2016.08.26p?ntek ,32,18
2016.08.27szombat ,34,20
2016.08.28vas?rnap ,35,20
2016.08.29h?tfo ,35,20
2016.08.30kedd ,31,17
2016.08.31szerda ,29,15
2016.09.01cs?t?rt?k ,32,17
2016.09.02p?ntek ,30,16
2016.09.03szombat ,31,17
2016.09.04vas?rnap ,32,18
2016.09.05h?tfo ,22,13
2016.09.06kedd ,25,16
2016.09.07szerda ,30,19
2016.09.08cs?t?rt?k ,31,19
2016.09.09p?ntek ,32,20
2016.09.10szombat ,33,19
2016.09.11vas?rnap ,33,20
2016.09.12h?tfo ,32,20
2016.09.13kedd ,32,18
2016.09.14szerda ,31,17
2016.09.15cs?t?rt?k ,31,17
2016.09.16p?ntek ,31,19
2016.09.17szombat ,27,14
2016.09.18vas?rnap ,26,16
2016.09.19h?tfo ,26,13
2016.09.20kedd ,23,14
2016.09.21szerda ,20,10
2016.09.22cs?t?rt?k ,20,9
2016.09.23p?ntek ,21,11
2016.09.24szombat ,24,13
2016.09.25vas?rnap ,23,11
2016.09.26h?tfo ,23,12
2016.09.27kedd ,24,14
2016.09.28szerda ,25,14
2016.09.29cs?t?rt?k ,26,14
2016.09.30p?ntek ,26,13
2016.10.01szombat ,25,14
2016.10.02vas?rnap ,25,13
2016.10.03h?tfo ,20,11
2016.10.04kedd ,15,6
2016.10.05szerda ,12,7
2016.10.06cs?t?rt?k ,11,4
2016.10.07p?ntek ,14,5
2016.10.08szombat ,14,5
2016.10.09vas?rnap ,15,6
2016.10.10h?tfo ,16,8
2016.10.11kedd ,15,5
2016.10.12szerda ,14,11
2016.10.13cs?t?rt?k ,17,9
2016.10.14p?ntek ,17,10
2016.10.15szombat ,17,10
2016.10.16vas?rnap ,19,9
2016.10.17h?tfo ,14,8
2016.10.18kedd ,12,6
2016.10.19szerda ,13,5
2016.10.20cs?t?rt?k ,12,9
2016.10.21p?ntek ,11,8
2016.10.22szombat ,14,6
2016.10.23vas?rnap ,14,4
2016.10.24h?tfo ,17,12
2016.10.25kedd ,19,11
2016.10.26szerda ,14,9
2016.10.27cs?t?rt?k ,12,7
2016.10.28p?ntek ,13,6
2016.10.29szombat ,15,6
2016.10.30vas?rnap ,12,4
2016.10.31h?tfo ,10,3
2016.11.01kedd ,13,5
2016.11.02szerda ,15,5
2016.11.03cs?t?rt?k ,10,1
2016.11.04p?ntek ,10,2
2016.11.05szombat ,9,1
2016.11.06vas?rnap ,15,7
2016.11.07h?tfo ,10,4
2016.11.08kedd ,8,4
2016.11.09szerda ,8,1
2016.11.10cs?t?rt?k ,6,-1
2016.11.11p?ntek ,9,3
2016.11.12szombat ,6,0
2016.11.13vas?rnap ,5,0
2016.11.14h?tfo ,6,1
2016.11.15kedd ,6,-1
2016.11.16szerda ,4,1
2016.11.17cs?t?rt?k ,7,2
2016.11.18p?ntek ,12,3
2016.11.19szombat ,11,8
2016.11.20vas?rnap ,13,6
2016.11.21h?tfo ,12,5
2016.11.22kedd ,11,5
2016.11.23szerda ,10,5
2016.11.24cs?t?rt?k ,9,4
2016.11.25p?ntek ,10,4
2016.11.26szombat ,11,4
2016.11.27vas?rnap ,10,-1
2016.11.28h?tfo ,4,-1
2016.11.29kedd ,3,-2
2016.11.30szerda ,4,-5
2016.12.01cs?t?rt?k ,6,-2
2016.12.02p?ntek ,7,-1
2016.12.03szombat ,5,-2
2016.12.04vas?rnap ,4,-2
2016.12.05h?tfo ,4,-2
2016.12.06kedd ,4,-2
2016.12.07szerda ,5,-3
2016.12.08cs?t?rt?k ,4,0
2016.12.09p?ntek ,7,1
2016.12.10szombat ,8,3
2016.12.11vas?rnap ,9,3
2016.12.12h?tfo ,8,-1
2016.12.13kedd ,3,-3
2016.12.14szerda ,3,-7
2016.12.15cs?t?rt?k ,3,-6
2016.12.16p?ntek ,5,-4
2016.12.17szombat ,2,-2
2016.12.18vas?rnap ,0,-8
2016.12.19h?tfo ,1,-9
2016.12.20kedd ,3,-3
2016.12.21szerda ,1,-12
2016.12.22cs?t?rt?k ,3,-12
2016.12.23p?ntek ,2,-4
2016.12.24szombat ,0,-12
2016.12.25vas?rnap ,5,-1
2016.12.26h?tfo ,10,3
2016.12.27kedd ,6,-1
2016.12.28szerda ,4,-2
2016.12.29cs?t?rt?k ,3,-3
2016.12.30p?ntek ,3,-4
2016.12.31szombat ,4,-5
2017.01.01vas?rnap ,4,-5
2017.01.02h?tfo ,3,-2
2017.01.03kedd ,2,-3
2017.01.04szerda ,2,-2
2017.01.05cs?t?rt?k ,0,-8
2017.01.06p?ntek ,-7,-13
2017.01.07szombat ,-8,-13
2017.01.08vas?rnap ,-7,-17
2017.01.09h?tfo ,-4,-11
2017.01.10kedd ,-6,-11
2017.01.11szerda ,-4,-9
2017.01.12cs?t?rt?k ,3,-8
2017.01.13p?ntek ,2,-3
2017.01.14szombat ,1,-3
2017.01.15vas?rnap ,0,-7
2017.01.16h?tfo ,-3,-7
2017.01.17kedd ,-1,-8
2017.01.18szerda ,-2,-10
2017.01.19cs?t?rt?k ,-2,-12
2017.01.20p?ntek ,-1,-10
2017.01.21szombat ,0,-9
2017.01.22vas?rnap ,-1,-9
2017.01.23h?tfo ,-1,-8
2017.01.24kedd ,0,-7
2017.01.25szerda ,0,-6
2017.01.26cs?t?rt?k ,0,-9
2017.01.27p?ntek ,-1,-10
2017.01.28szombat ,-2,-10
2017.01.29vas?rnap ,2,-8
2017.01.30h?tfo ,0,-8
2017.01.31kedd ,-2,-12
2017.02.01szerda ,2,-1
2017.02.02cs?t?rt?k ,3,2
2017.02.03p?ntek ,7,3
2017.02.04szombat ,8,3
2017.02.05vas?rnap ,7,2
2017.02.06h?tfo ,6,2
2017.02.07kedd ,4,-1
2017.02.08szerda ,3,0
2017.02.09cs?t?rt?k ,4,-1
2017.02.10p?ntek ,3,-1
2017.02.11szombat ,4,-1
2017.02.12vas?rnap ,5,-1
2017.02.13h?tfo ,6,-1
2017.02.14kedd ,7,1
2017.02.15szerda ,10,3
2017.02.16cs?t?rt?k ,8,0
2017.02.17p?ntek ,7,0
2017.02.18szombat ,7,1
2017.02.19vas?rnap ,7,0
2017.02.20h?tfo ,8,2
2017.02.21kedd ,8,3
2017.02.22szerda ,11,2
2017.02.23cs?t?rt?k ,14,4
2017.02.24p?ntek ,9,2
2017.02.25szombat ,7,1
2017.02.26vas?rnap ,8,2
2017.02.27h?tfo ,12,7
2017.02.28kedd ,15,6
2017.03.01szerda ,11,4
2017.03.02cs?t?rt?k ,12,6
2017.03.03p?ntek ,12,3
2017.03.04szombat ,15,4
2017.03.05vas?rnap ,13,5
2017.03.06h?tfo ,11,4
2017.03.07kedd ,9,6
2017.03.08szerda ,12,5
2017.03.09cs?t?rt?k ,12,3
2017.03.10p?ntek ,9,3
2017.03.11szombat ,10,4
2017.03.12vas?rnap ,9,2
2017.03.13h?tfo ,12,3
2017.03.14kedd ,11,2
2017.03.15szerda ,13,4
2017.03.16cs?t?rt?k ,13,3
2017.03.17p?ntek ,13,7
2017.03.18szombat ,11,7
2017.03.19vas?rnap ,11,7
2017.03.20h?tfo ,16,9
2017.03.21kedd ,20,10
2017.03.22szerda ,21,11
2017.03.23cs?t?rt?k ,21,10
2017.03.24p?ntek ,21,7
2017.03.25szombat ,15,5
2017.03.26vas?rnap ,12,3
2017.03.27h?tfo ,15,6
2017.03.28kedd ,18,8
2017.03.29szerda ,19,9
2017.03.30cs?t?rt?k ,19,8
2017.03.31p?ntek ,19,10
2017.04.01szombat ,20,9
2017.04.02vas?rnap ,24,11
2017.04.03h?tfo ,24,11
2017.04.04kedd ,22,10
2017.04.05szerda ,17,10
2017.04.06cs?t?rt?k ,11,4
2017.04.07p?ntek ,11,2
2017.04.08szombat ,17,8
2017.04.09vas?rnap ,18,8
2017.04.10h?tfo ,19,10
2017.04.11kedd ,15,5
2017.04.12szerda ,16,9
2017.04.13cs?t?rt?k ,17,6
2017.04.14p?ntek ,15,6
2017.04.15szombat ,17,9
2017.04.16vas?rnap ,14,5
2017.04.17h?tfo ,15,5
2017.04.18kedd ,12,3
2017.04.19szerda ,7,3
2017.04.20cs?t?rt?k ,8,0
2017.04.21p?ntek ,11,4
2017.04.22szombat ,13,4
2017.04.23vas?rnap ,12,2
2017.04.24h?tfo ,14,6
2017.04.25kedd ,20,9
2017.04.26szerda ,20,12
2017.04.27cs?t?rt?k ,22,13
2017.04.28p?ntek ,18,6
2017.04.29szombat ,15,7
2017.04.30vas?rnap ,17,7
2017.05.01h?tfo ,20,11
2017.05.02kedd ,22,11
2017.05.03szerda ,22,12
2017.05.04cs?t?rt?k ,23,10
2017.05.05p?ntek ,22,10
2017.05.06szombat ,23,12
2017.05.07vas?rnap ,21,9
2017.05.08h?tfo ,19,8
2017.05.09kedd ,14,6
2017.05.10szerda ,15,6
2017.05.11cs?t?rt?k ,21,12
2017.05.12p?ntek ,23,13
2017.05.13szombat ,23,13
2017.05.14vas?rnap ,25,11
2017.05.15h?tfo ,25,14
2017.05.16kedd ,25,12
2017.05.17szerda ,25,13
2017.05.18cs?t?rt?k ,26,14
2017.05.19p?ntek ,26,13
2017.05.20szombat ,24,13
2017.05.21vas?rnap ,24,12
2017.05.22h?tfo ,26,16
2017.05.23kedd ,26,14
2017.05.24szerda ,21,9
2017.05.25cs?t?rt?k ,20,10
2017.05.26p?ntek ,23,12
2017.05.27szombat ,26,13
2017.05.28vas?rnap ,26,14
2017.05.29h?tfo ,27,14
2017.05.30kedd ,29,17
2017.05.31szerda ,30,17
2017.06.01cs?t?rt?k ,27,13
2017.06.02p?ntek ,29,14
2017.06.03szombat ,30,16
2017.06.04vas?rnap ,30,16
2017.06.05h?tfo ,28,17
2017.06.06kedd ,31,18
2017.06.07szerda ,23,16
2017.06.08cs?t?rt?k ,25,14
2017.06.09p?ntek ,27,12
2017.06.10szombat ,27,14
2017.06.11vas?rnap ,28,12
2017.06.12h?tfo ,30,13
2017.06.13kedd ,28,18
2017.06.14szerda ,26,15
2017.06.15cs?t?rt?k ,27,14
2017.06.16p?ntek ,24,13
2017.06.17szombat ,21,14
2017.06.18vas?rnap ,27,14
2017.06.19h?tfo ,29,16
2017.06.20kedd ,32,15
2017.06.21szerda ,33,17
2017.06.22cs?t?rt?k ,34,18
2017.06.23p?ntek ,32,20
2017.06.24szombat ,32,18
2017.06.25vas?rnap ,30,20
2017.06.26h?tfo ,30,18
2017.06.27kedd ,31,16
2017.06.28szerda ,33,19
2017.06.29cs?t?rt?k ,28,17
2017.06.30p?ntek ,29,18
2017.07.01szombat ,26,15
2017.07.02vas?rnap ,25,15
2017.07.03h?tfo ,25,16
2017.07.04kedd ,27,12
2017.07.05szerda ,30,17
2017.07.06cs?t?rt?k ,30,17
2017.07.07p?ntek ,28,17
2017.07.08szombat ,32,16
2017.07.09vas?rnap ,30,18
2017.07.10h?tfo ,36,20
2017.07.11kedd ,31.48,22.16
2017.07.12szerda ,32.14,19.55
2017.07.13cs?t?rt?k ,24.78,17.3
2017.07.14p?ntek ,24.71,14.39
2017.07.15szombat ,24.83,15.19
2017.07.16vas?rnap ,25.43,14.36
2017.07.17h?tfo ,29.02,16.6
2017.07.18kedd ,31.16,19.56
2017.07.19szerda ,33.04,17.75
2017.07.20cs?t?rt?k ,34.84,18.64
2017.07.21p?ntek ,33.28,22.94
2017.07.22szombat ,34.21,21.52
2017.07.23vas?rnap ,33.89,21.58
2017.07.24h?tfo ,30.87,21.92
2017.07.25kedd ,22.1,15.1
2017.07.26szerda ,20.7,13.2
2017.07.27cs?t?rt?k ,20.7,12.8
2017.07.28p?ntek ,23.1,15.9
2017.07.29szombat ,26.4,16
2017.07.30vas?rnap ,27.9,16.4
2017.07.31h?tfo ,30,18.3
2017.08.01kedd ,31.7,20.8
2017.08.02szerda ,34.7,23.4
2017.08.03cs?t?rt?k ,34.6,20.5
2017.08.04p?ntek ,36.8,22.6
2017.08.05szombat ,33.8,24.9
2017.08.06vas?rnap ,32.7,23.1
2017.08.07h?tfo ,23.7,16.6
2017.08.08kedd ,29.2,13.7
2017.08.09szerda ,29.3,18.2
2017.08.10cs?t?rt?k ,36.1,22.9
2017.08.11p?ntek ,34.3,22.4
2017.08.12szombat ,23.5,19.9
2017.08.13vas?rnap ,26.4,17.1
2017.08.14h?tfo ,25.2,12.7
2017.08.15kedd ,27.4,14.9
2017.08.16szerda ,28,14.6
2017.08.17cs?t?rt?k ,30.8,16.3
2017.08.18p?ntek ,32.9,18
2017.08.19szombat ,32.7,20.5
2017.08.20vas?rnap ,20.9,14.7
2017.08.21h?tfo ,23.4,13.1
2017.08.22kedd ,22.5,10.7
2017.08.23szerda ,23.7,10.8
2017.08.24cs?t?rt?k ,26.3,9.1
2017.08.25p?ntek ,29.5,14.1
2017.08.26szombat ,30.2,16.4
2017.08.27vas?rnap ,32.2,18.3
2017.08.28h?tfo ,25.3,17
2017.08.29kedd ,25.7,14.7
2017.08.30szerda ,28,12.1
2017.08.31cs?t?rt?k ,28.5,12.8
2017.09.01p?ntek ,31,15.8
2017.09.02szombat ,22.2,16
2017.09.03vas?rnap ,20.2,15.1
2017.09.04h?tfo ,18.9,12.1
2017.09.05kedd ,21.6,9.6
2017.09.06szerda ,22.2,10.4
2017.09.07cs?t?rt?k ,19.5,12.6
2017.09.08p?ntek ,21.4,8.7
2017.09.09szombat ,24.5,11.3
2017.09.10vas?rnap ,26,13.8
2017.09.11h?tfo ,26.1,18.6
2017.09.12kedd ,20.1,14.3
2017.09.13szerda ,22,12.6
2017.09.14cs?t?rt?k ,22.7,12.6
2017.09.15p?ntek ,17.3,12.2
2017.09.16szombat ,19.1,13
2017.09.17vas?rnap ,16.6,9.4
2017.09.18h?tfo ,17.3,10.3
2017.09.19kedd ,14.8,11.3
2017.09.20szerda ,16.3,12.5
2017.09.21cs?t?rt?k ,13.8,12.2
2017.09.22p?ntek ,17,10.5
2017.09.23szombat ,13,10.4
2017.09.24vas?rnap ,16.7,9.2
2017.09.25h?tfo ,16.9,10.9
2017.09.26kedd ,20.9,7.8
2017.09.27szerda ,16.7,12.1
2017.09.28cs?t?rt?k ,16.6,8
2017.09.29p?ntek ,16.8,5.5
2017.09.30szombat ,16.9,4.3
2017.10.01vas?rnap ,16.2,4.7
2017.10.02h?tfo ,17,3.1
2017.10.03kedd ,15.6,4.9
2017.10.04szerda ,16.1,10.1
2017.10.05cs?t?rt?k ,19.6,10.5
2017.10.06p?ntek ,14.9,10.5
2017.10.07szombat ,14.8,8.3
2017.10.08vas?rnap ,14.8,6.8
2017.10.09h?tfo ,13.6,9.1
2017.10.10kedd ,16,8.2
2017.10.11szerda ,17.8,10.6
2017.10.12cs?t?rt?k ,20.3,8.2
2017.10.13p?ntek ,17.6,11
2017.10.14szombat ,18.4,9
2017.10.15vas?rnap ,20.5,9
2017.10.16h?tfo ,21,9.7
2017.10.17kedd ,21.4,9.6
2017.10.18szerda ,20.5,10.8
2017.10.19cs?t?rt?k ,18.8,8
2017.10.20p?ntek ,19.4,7.7
2017.10.21szombat ,16.9,7.7
2017.10.22vas?rnap ,16.4,8.6
2017.10.23h?tfo ,10.6,9.3
2017.10.24kedd ,13.1,5
2017.10.25szerda ,12.2,2.8
2017.10.26cs?t?rt?k ,15.3,6.1
2017.10.27p?ntek ,14.6,8.8
2017.10.28szombat ,10,6.1
2017.10.29vas?rnap ,10.2,5.4
2017.10.30h?tfo ,8,4.2
2017.10.31kedd ,8.4,2.9
2017.11.01szerda ,10,0.5
2017.11.02cs?t?rt?k ,11.6,3.2
2017.11.03p?ntek ,11.4,3.9
2017.11.04szombat ,11.4,1.3
2017.11.05vas?rnap ,11.7,4.9
2017.11.06h?tfo ,12.7,5.8
2017.11.07kedd ,11.2,2.9
2017.11.08szerda ,10.4,6.2
2017.11.09cs?t?rt?k ,9.8,7
2017.11.10p?ntek ,8.6,3.1
2017.11.11szombat ,10.5,4.6
2017.11.12vas?rnap ,9.7,4.3
2017.11.13h?tfo ,9.1,5.1
2017.11.14kedd ,7.2,2.7
2017.11.15szerda ,5.8,-3.1
2017.11.16cs?t?rt?k ,6.4,0.7
2017.11.17p?ntek ,6.2,-0.1
2017.11.18szombat ,5.3,0
2017.11.19vas?rnap ,6.1,-0.1
2017.11.20h?tfo ,5.9,2.2
2017.11.21kedd ,7.8,1.5
2017.11.22szerda ,9.1,3
2017.11.23cs?t?rt?k ,8.4,-0.2
2017.11.24p?ntek ,7.8,2.4
2017.11.25szombat ,8.8,5.1
2017.11.26vas?rnap ,6.3,2.3
2017.11.27h?tfo ,5,-0.3
2017.11.28kedd ,4.4,-3
2017.11.29szerda ,2.1,-2
2017.11.30cs?t?rt?k ,3.7,0.8
2017.12.01p?ntek ,3.1,-3.9
2017.12.02szombat ,-0.1,-5.9
2017.12.03vas?rnap ,-1.3,-5.6
2017.12.04h?tfo ,1.5,-3.7
2017.12.05kedd ,2.8,-0.5
2017.12.06szerda ,3.3,-0.1
2017.12.07cs?t?rt?k ,4.7,-2.7
2017.12.08p?ntek ,7.6,-2.9
2017.12.09szombat ,2.5,0.1
2017.12.10vas?rnap ,2.5,-2.8
2017.12.11h?tfo ,10.4,2.3
2017.12.12kedd ,13.7,10
2017.12.13szerda ,5,0.9
2017.12.14cs?t?rt?k ,5.5,-1.8
2017.12.15p?ntek ,8.7,3
2017.12.16szombat ,5.5,0.9
2017.12.17vas?rnap ,3,-2.3
2017.12.18h?tfo ,0.6,-5.1
2017.12.19kedd ,-1,-5.6
2017.12.20szerda ,-2.4,-7.2
2017.12.21cs?t?rt?k ,-1.8,-8.8
2017.12.22p?ntek ,3.4,-1.8
2017.12.23szombat ,2.9,-1.1
2017.12.24vas?rnap ,7.7,2.9
2017.12.25h?tfo ,6.2,-2.6
2017.12.26kedd ,8.2,-0.5
2017.12.27szerda ,8,1.8
2017.12.28cs?t?rt?k ,7.3,2.2
2017.12.29p?ntek ,2.4,-1.8
2017.12.30szombat ,2,-4.3
2017.12.31vas?rnap ,4.4,-0.3
2018.01.01h?tfo ,7,1.6
2018.01.02kedd ,4.8,1.2
2018.01.03szerda ,4.1,-1
2018.01.04cs?t?rt?k ,7.7,2.8
2018.01.05p?ntek ,8.6,2.9
2018.01.06szombat ,12.5,6.4
2018.01.07vas?rnap ,9.6,4
2018.01.08h?tfo ,8.3,5.7
2018.01.09kedd ,7.4,4.7
2018.01.10szerda ,5.4,3.7
2018.01.11cs?t?rt?k ,6.2,2.8
2018.01.12p?ntek ,4.6,2.6
2018.01.13szombat ,2.4,-0.7
2018.01.14vas?rnap ,-0.6,-3.4
2018.01.15h?tfo ,-2.4,-5.2
2018.01.16kedd ,1.3,-3.7
2018.01.17szerda ,3,-4.7
2018.01.18cs?t?rt?k ,3.5,-1
2018.01.19p?ntek ,4.6,-0.3
2018.01.20szombat ,3.1,-4.1
2018.01.21vas?rnap ,2.2,-2.2
2018.01.22h?tfo ,1.3,-3.4
2018.01.23kedd ,-0.7,-7.9
2018.01.24szerda ,-2.3,-12.5
2018.01.25cs?t?rt?k ,1.4,-5.9
2018.01.26p?ntek ,0.2,-5.1
2018.01.27szombat ,2,-4.3
2018.01.28vas?rnap ,3.9,-2.8
2018.01.29h?tfo ,8.5,0.9
2018.01.30kedd ,6.6,-0.9
2018.01.31szerda ,4.7,-2.2
2018.02.01cs?t?rt?k ,8.3,3.8
2018.02.02p?ntek ,8.7,4
2018.02.03szombat ,2.4,0.2
2018.02.04vas?rnap ,2.4,-1.9
2018.02.05h?tfo ,1.9,-4.4
2018.02.06kedd ,0.2,-2
2018.02.07szerda ,2.3,-3.3
2018.02.08cs?t?rt?k ,2.8,0.1
2018.02.09p?ntek ,1.4,-2.8
2018.02.10szombat ,1.1,-2.2
2018.02.11vas?rnap ,1.8,-4.7
2018.02.12h?tfo ,3.3,-3.5
2018.02.13kedd ,2.6,-2
2018.02.14szerda ,1.7,-1
2018.02.15cs?t?rt?k ,2.1,-4.6
2018.02.16p?ntek ,2.4,-7
2018.02.17szombat ,2,-2.6
2018.02.18vas?rnap ,3.3,-4.3
2018.02.19h?tfo ,1,-9.3
2018.02.20kedd ,0.9,-1.6
2018.02.21szerda ,1.7,-0.9
2018.02.22cs?t?rt?k ,0.4,-3
2018.02.23p?ntek ,2,-3.5
2018.02.24szombat ,-0.1,-9.3
2018.02.25vas?rnap ,-6.6,-11.9
2018.02.26h?tfo ,-6.1,-11.3
2018.02.27kedd ,-7.2,-9.7
2018.02.28szerda ,-6.5,-13.1
2018.03.01cs?t?rt?k ,-7.4,-12.9
2018.03.02p?ntek ,-6.3,-9.9
2018.03.03szombat ,-4.4,-13.5
2018.03.04vas?rnap ,-3.6,-16.6
2018.03.05h?tfo ,-2.4,-17.4
2018.03.06kedd ,1.8,-2
2018.03.07szerda ,6,-2.6
2018.03.08cs?t?rt?k ,6.4,-2.8
2018.03.09p?ntek ,9.3,-2
2018.03.10szombat ,9.7,1.3
2018.03.11vas?rnap ,12.3,4.9
2018.03.12h?tfo ,13.4,9.4
2018.03.13kedd ,12.6,6.1
2018.03.14szerda ,10.9,5.3
2018.03.15cs?t?rt?k ,10.2,4.4
2018.03.16p?ntek ,9.9,6.2
2018.03.17szombat ,5.8,0.6
2018.03.18vas?rnap ,-0.4,-4.7
2018.03.19h?tfo ,0.6,-6.5
2018.03.20kedd ,0,-4.1
2018.03.21szerda ,2.8,-3.5
2018.03.22cs?t?rt?k ,2.8,-7.8
2018.03.23p?ntek ,6.1,-6.1
2018.03.24szombat ,6.3,-3.5
2018.03.25vas?rnap ,7.8,-3.6
2018.03.26h?tfo ,8.6,-2.1
2018.03.27kedd ,9.3,1.9
2018.03.28szerda ,10.6,-0.7
2018.03.29cs?t?rt?k ,11.1,3.2
2018.03.30p?ntek ,11.9,4.2
2018.03.31szombat ,14.2,7.4
2018.04.01vas?rnap ,10.5,6.3
2018.04.02h?tfo ,11.2,5.2
2018.04.03kedd ,15.3,6.4
2018.04.04szerda ,17.2,9.1
2018.04.05cs?t?rt?k ,17.7,10.7
2018.04.06p?ntek ,14.7,9
2018.04.07szombat ,16.1,7.2
2018.04.08vas?rnap ,18.8,8.2
2018.04.09h?tfo ,21,11.6
2018.04.10kedd ,17.4,10.7
2018.04.11szerda ,17.1,8.9
2018.04.12cs?t?rt?k ,22.1,11
2018.04.13p?ntek ,18.5,13.4
2018.04.14szombat ,21.2,10.5
2018.04.15vas?rnap ,22.9,13.3
2018.04.16h?tfo ,19,15.1
2018.04.17kedd ,19.9,12.9
2018.04.18szerda ,20.1,14.5
2018.04.19cs?t?rt?k ,20.9,10.6
2018.04.20p?ntek ,19.8,10.6
2018.04.21szombat ,19.9,8.9
2018.04.22vas?rnap ,22.8,10
2018.04.23h?tfo ,25.3,13.2
2018.04.24kedd ,22.6,14.5
2018.04.25szerda ,24.7,12.8
2018.04.26cs?t?rt?k ,22.5,13.9
2018.04.27p?ntek ,18.4,10.9
2018.04.28szombat ,24.7,10.8
2018.04.29vas?rnap ,23.3,16.2
2018.04.30h?tfo ,23.8,16
2018.05.01kedd ,23.5,14
2018.05.02szerda ,24.6,15
2018.05.03cs?t?rt?k ,24.9,15
2018.05.04p?ntek ,26.6,15
2018.05.05szombat ,27.6,18.6
2018.05.06vas?rnap ,23.5,17.3
2018.05.07h?tfo ,22.6,15.2
2018.05.08kedd ,20.7,13
2018.05.09szerda ,23.6,13.4
2018.05.10cs?t?rt?k ,24.5,16.4
2018.05.11p?ntek ,24.9,14.2
2018.05.12szombat ,23.2,16.4
2018.05.13vas?rnap ,22.5,13.4
2018.05.14h?tfo ,20,13.7
2018.05.15kedd ,18.2,11.4
2018.05.16szerda ,17.7,9.4
2018.05.17cs?t?rt?k ,18.2,12.8
2018.05.18p?ntek ,22.4,14.1
2018.05.19szombat ,22.7,12.7
2018.05.20vas?rnap ,21.9,11.3
2018.05.21h?tfo ,22.4,14
2018.05.22kedd ,21.2,13.6
2018.05.23szerda ,23,15.7
2018.05.24cs?t?rt?k ,25.9,16.4
2018.05.25p?ntek ,23.1,18.1
2018.05.26szombat ,26.2,16.2
2018.05.27vas?rnap ,25,17.2
2018.05.28h?tfo ,26.6,17.3
2018.05.29kedd ,23.8,18.2
2018.05.30szerda ,25.4,16.2
2018.05.31cs?t?rt?k ,27.3,17
2018.06.01p?ntek ,28.4,18.1
2018.06.02szombat ,26.9,18.5
2018.06.03vas?rnap ,27.2,20
2018.06.04h?tfo ,26.4,17.3
2018.06.05kedd ,26.4,17.9
2018.06.06szerda ,21.7,17.3
2018.06.07cs?t?rt?k ,23.4,16.2
2018.06.08p?ntek ,24.6,17.6
2018.06.09szombat ,23.6,17.7
2018.06.10vas?rnap ,27.8,19.1
2018.06.11h?tfo ,28.5,21.5
2018.06.12kedd ,27.7,19.2
2018.06.13szerda ,24.9,18
2018.06.14cs?t?rt?k ,20.6,17
2018.06.15p?ntek ,19.8,17.4
2018.06.16szombat ,24.1,18.2
2018.06.17vas?rnap ,25.1,18.8
2018.06.18h?tfo ,25.4,18.2
2018.06.19kedd ,26.7,19.3
2018.06.20szerda ,27.5,20.4
2018.06.21cs?t?rt?k ,27.9,20.1
2018.06.22p?ntek ,19,13.7
2018.06.23szombat ,19.1,11
2018.06.24vas?rnap ,18.5,10.4
2018.06.25h?tfo ,20.8,10.4
2018.06.26kedd ,21.9,11.6
2018.06.27szerda ,22.3,13.3
2018.06.28cs?t?rt?k ,21.9,15.8
2018.06.29p?ntek ,25.5,18.2
2018.06.30szombat ,20.8,14.1
2018.07.01vas?rnap ,19.2,13.3
2018.07.02h?tfo ,21,9.6
2018.07.03kedd ,22.9,11.5
2018.07.04szerda ,26.2,12
2018.07.05cs?t?rt?k ,27.9,14.9
2018.07.06p?ntek ,27.8,17
2018.07.07szombat ,24.7,17.3
2018.07.08vas?rnap ,23.6,15.1
2018.07.09h?tfo ,26.3,15.7
2018.07.10kedd ,25.4,16.1
2018.07.11szerda ,22,16.9
2018.07.12cs?t?rt?k ,23.8,13.6
2018.07.13p?ntek ,25.1,15.5
2018.07.14szombat ,25.1,16.7
2018.07.15vas?rnap ,25.9,15.5
2018.07.16h?tfo ,26.2,15.4
2018.07.17kedd ,26.7,15.3
2018.07.18szerda ,22.8,19
2018.07.19cs?t?rt?k ,22.5,18.9
2018.07.20p?ntek ,25.3,18.3
2018.07.21szombat ,26.1,17.7
2018.07.22vas?rnap ,25.8,17.8
2018.07.23h?tfo ,24,17.9
2018.07.24kedd ,27.9,17.4
2018.07.25szerda ,28.1,17.7
2018.07.26cs?t?rt?k ,27.1,17.9
2018.07.27p?ntek ,27.2,20.5
2018.07.28szombat ,28.3,19.3
2018.07.29vas?rnap ,30.1,21.7
2018.07.30h?tfo ,28.4,21.5
2018.07.31kedd ,30.3,22.6
2018.08.01szerda ,30.4,22.2
2018.08.02cs?t?rt?k ,30.4,20.7
2018.08.03p?ntek ,29.2,20.6
2018.08.04szombat ,28.4,17.9
2018.08.05vas?rnap ,30.2,17.9
2018.08.06h?tfo ,28.9,18.9
2018.08.07kedd ,29.1,18.2
2018.08.08szerda ,31.5,18.1
2018.08.09cs?t?rt?k ,32.4,20
2018.08.10p?ntek ,33.2,23
2018.08.11szombat ,27.6,18.7
2018.08.12vas?rnap ,30.1,17.5
2018.08.13h?tfo ,32.4,18
2018.08.14kedd ,29.1,20
2018.08.15szerda ,27.2,20.2
2018.08.16cs?t?rt?k ,27.9,15
2018.08.17p?ntek ,29.3,17.5
2018.08.18szombat ,29.7,19.3
2018.08.19vas?rnap ,31.3,18.7
2018.08.20h?tfo ,32.1,20.1
2018.08.21kedd ,32.3,21
2018.08.22szerda ,32.4,21.6
2018.08.23cs?t?rt?k ,31.2,21.6
2018.08.24p?ntek ,30.3,18.4
2018.08.25szombat ,24,18.3
2018.08.26vas?rnap ,16.6,14.2
2018.08.27h?tfo ,21.2,8.9
2018.08.28kedd ,25.6,9.6
2018.08.29szerda ,26.4,12.1
2018.08.30cs?t?rt?k ,27.5,13.1
2018.08.31p?ntek ,27.4,17.2
2018.09.01szombat ,28.9,16.4
2018.09.02vas?rnap ,27.4,17.6
2018.09.03h?tfo ,22.2,17.3
2018.09.04kedd ,18.4,16.4
2018.09.05szerda ,24.3,15.8
2018.09.06cs?t?rt?k ,22.3,14.6
2018.09.07p?ntek ,23.7,11.3
2018.09.08szombat ,24.4,14.9
2018.09.09vas?rnap ,23.7,12.6
2018.09.10h?tfo ,23.8,11.9
2018.09.11kedd ,25.1,12.5
2018.09.12szerda ,26.7,13
2018.09.13cs?t?rt?k ,28.2,13.1
2018.09.14p?ntek ,26,16.2
2018.09.15szombat ,25.9,17.9
2018.09.16vas?rnap ,22,13.5
2018.09.17h?tfo ,26.8,11.5
2018.09.18kedd ,25.4,10.9
2018.09.19szerda ,27.3,11.3
2018.09.20cs?t?rt?k ,28,12
2018.09.21p?ntek ,28.5,13.6
2018.09.22szombat ,17.5,12.2
2018.09.23vas?rnap ,18.3,9.5
2018.09.24h?tfo ,18.9,10.6
2018.09.25kedd ,14.4,7.6
2018.09.26szerda ,14.1,3.9
2018.09.27cs?t?rt?k ,18.5,2.8
2018.09.28p?ntek ,18.1,4.6
2018.09.29szombat ,15.1,7
2018.09.30vas?rnap ,15.7,4
2018.10.01h?tfo ,18,6.4
2018.10.02kedd ,14.3,6.8
2018.10.03szerda ,16.8,3.5
2018.10.04cs?t?rt?k ,15.7,5.7
2018.10.05p?ntek ,17.1,2.9
2018.10.06szombat ,20.3,4
2018.10.07vas?rnap ,20.3,12.7
2018.10.08h?tfo ,19.6,11.9
2018.10.09kedd ,22.7,10
2018.10.10szerda ,23.1,9.2
2018.10.11cs?t?rt?k ,22.3,9
2018.10.12p?ntek ,21,8.6
2018.10.13szombat ,21.4,8.2
2018.10.14vas?rnap ,19.5,8.3
2018.10.15h?tfo ,19.4,7.5
2018.10.16kedd ,18.8,8.5
2018.10.17szerda ,21.2,8.8
2018.10.18cs?t?rt?k ,21.1,9.4
2018.10.19p?ntek ,21,8.9
2018.10.20szombat ,19.6,7.2
2018.10.21vas?rnap ,10.8,8.3
2018.10.22h?tfo ,15,7.7
2018.10.23kedd ,12.7,8.2
2018.10.24szerda ,12.8,6.8
2018.10.25cs?t?rt?k ,14.3,6
2018.10.26p?ntek ,14.1,7.1
2018.10.27szombat ,13.9,10.6
2018.10.28vas?rnap ,20.7,11.4
2018.10.29h?tfo ,20.4,16
2018.10.30kedd ,18.1,10.8
2018.10.31szerda ,18.4,9.9
2018.11.01cs?t?rt?k ,20.8,8.8
2018.11.02p?ntek ,21.2,13
2018.11.03szombat ,19.6,11.3
2018.11.04vas?rnap ,17.3,7.9
2018.11.05h?tfo ,17.2,6.6
2018.11.06kedd ,15.8,7.3
2018.11.07szerda ,15.6,6.6
2018.11.08cs?t?rt?k ,14.3,5.4
2018.11.09p?ntek ,12.7,3
2018.11.10szombat ,10.9,3.2
2018.11.11vas?rnap ,15,4.8
2018.11.12h?tfo ,14.7,4.3
2018.11.13kedd ,13.8,5.8
2018.11.14szerda ,12,3.5
2018.11.15cs?t?rt?k ,10.7,0.6
2018.11.16p?ntek ,8.3,0.9
2018.11.17szombat ,5.9,-1.5
2018.11.18vas?rnap ,6.4,-3.6
2018.11.19h?tfo ,1.9,-0.5
2018.11.20kedd ,4.5,0.3
2018.11.21szerda ,4.3,3.4
2018.11.22cs?t?rt?k ,4.9,2.4
2018.11.23p?ntek ,4.8,2.7
2018.11.24szombat ,6.4,1.5
2018.11.25vas?rnap ,6.9,4.7
2018.11.26h?tfo ,9.4,5.3
2018.11.27kedd ,4.6,0.9
2018.11.28szerda ,1.6,-3.8
2018.11.29cs?t?rt?k ,-0.2,-6.3
2018.11.30p?ntek ,-2.1,-5.3
2018.12.01szombat ,-1.8,-5.6
2018.12.02vas?rnap ,0.3,-4.4
2018.12.03h?tfo ,3.3,-2.4
2018.12.04kedd ,5.4,0.2
2018.12.05szerda ,4.9,-5
2018.12.06cs?t?rt?k ,2,-5.9
2018.12.07p?ntek ,2.6,-0.9
2018.12.08szombat ,6.8,0.1
2018.12.09vas?rnap ,6.1,-0.1
2018.12.10h?tfo ,5.9,1.4
2018.12.11kedd ,3.7,-0.2
2018.12.12szerda ,3.1,-0.9
2018.12.13cs?t?rt?k ,1.6,-5.3
2018.12.14p?ntek ,-0.6,-5.7
2018.12.15szombat ,-0.4,-1.1
2018.12.16vas?rnap ,-0.7,-4.2
2018.12.17h?tfo ,-4.3,-7.6
2018.12.18kedd ,-2.6,-8.2
2018.12.19szerda ,-7,-9.8
2018.12.20cs?t?rt?k ,-4.2,-8.3
2018.12.21p?ntek ,-0.9,-6.3
2018.12.22szombat ,6.7,1.1
2018.12.23vas?rnap ,6.4,2.1
2018.12.24h?tfo ,4,-2.1
2018.12.25kedd ,2,-3.5
2018.12.26szerda ,3.8,-0.8
2018.12.27cs?t?rt?k ,5.9,0
2018.12.28p?ntek ,6.1,2.3
2018.12.29szombat ,5.1,0
2018.12.30vas?rnap ,4.8,-0.7
2018.12.31h?tfo ,4.2,-1.5
2019.01.01kedd ,2.7,-4.6
2019.01.02szerda ,3.1,-0.7
2019.01.03cs?t?rt?k ,0.3,-3.3
2019.01.04p?ntek ,-1,-6.3
2019.01.05szombat ,2.2,-3.2
2019.01.06vas?rnap ,0.4,-6.5
2019.01.07h?tfo ,-5.2,-14.9
2019.01.08kedd ,0,-10.4
2019.01.09szerda ,1.8,-1.2
2019.01.10cs?t?rt?k ,0.2,-8.6
2019.01.11p?ntek ,-6.5,-9.8
2019.01.12szombat ,3.3,-4.3
2019.01.13vas?rnap ,3.3,0
2019.01.14h?tfo ,3.1,-1.4
2019.01.15kedd ,1.2,-3.2
2019.01.16szerda ,5.7,-1.3
2019.01.17cs?t?rt?k ,10,-1.1
2019.01.18p?ntek ,5.6,-3.2
2019.01.19szombat ,0.6,-4.7
2019.01.20vas?rnap ,0,-2.1
2019.01.21h?tfo ,0,-7
2019.01.22kedd ,-2.4,-9.9
2019.01.23szerda ,-1.4,-7.1
2019.01.24cs?t?rt?k ,1.5,-3.1
2019.01.25p?ntek ,-3.3,-6.3
2019.01.26szombat ,-2.7,-6.5
2019.01.27vas?rnap ,2.7,-2.1
2019.01.28h?tfo ,3.6,-1.9
2019.01.29kedd ,3.3,-3.6
2019.01.30szerda ,-1.3,-8.5
2019.01.31cs?t?rt?k ,0.1,-3.4
2019.02.01p?ntek ,2.3,-2
2019.02.02szombat ,9.5,5.3
2019.02.03vas?rnap ,11,3.5
2019.02.04h?tfo ,4.4,0.9
2019.02.05kedd ,4.7,-1.4
2019.02.06szerda ,3.3,-4.8
2019.02.07cs?t?rt?k ,2.2,-5.5
2019.02.08p?ntek ,3.8,-4.5
2019.02.09szombat ,3.8,-3.7
2019.02.10vas?rnap ,6.3,-4.5
2019.02.11h?tfo ,6,2.6
2019.02.12kedd ,3.2,-0.7
2019.02.13szerda ,3.6,-1.7
2019.02.14cs?t?rt?k ,7.1,-0.3
2019.02.15p?ntek ,7.1,-2.6
2019.02.16szombat ,8.4,-2.3
2019.02.17vas?rnap ,9.7,-2.1
2019.02.18h?tfo ,7.3,-2.3
2019.02.19kedd ,7.2,-1.3
2019.02.20szerda ,8.3,0.8
2019.02.21cs?t?rt?k ,8.6,-0.5
2019.02.22p?ntek ,10.6,-2.7
2019.02.23szombat ,-0.8,-6.4
2019.02.24vas?rnap ,1.5,-6.6
2019.02.25h?tfo ,6.5,-4
2019.02.26kedd ,10.5,-3.9
2019.02.27szerda ,9.5,-0.1
2019.02.28cs?t?rt?k ,12.9,0.9
2019.03.01p?ntek ,11.6,4.7
2019.03.02szombat ,6.9,2.5
2019.03.03vas?rnap ,11.7,3.1
2019.03.04h?tfo ,14.8,4.1
2019.03.05kedd ,11.9,5
2019.03.06szerda ,13.6,3.5
2019.03.07cs?t?rt?k ,17.2,6.5
2019.03.08p?ntek ,14.8,7.8
2019.03.09szombat ,12.8,5.8
2019.03.10vas?rnap ,13.8,6.8
2019.03.11h?tfo ,9.3,3.8
2019.03.12kedd ,7.9,0
2019.03.13szerda ,6,-1.6
2019.03.14cs?t?rt?k ,9.5,-0.9
2019.03.15p?ntek ,10.1,4.5
2019.03.16szombat ,10,7.7
2019.03.17vas?rnap ,17.6,3.6
2019.03.18h?tfo ,11.5,6.2
2019.03.19kedd ,9.9,5.2
2019.03.20szerda ,10,2.5
2019.03.21cs?t?rt?k ,11.1,-0.6
2019.03.22p?ntek ,14,0.7
2019.03.23szombat ,15.6,2.5
2019.03.24vas?rnap ,17.7,5.5
2019.03.25h?tfo ,12.1,7.5
2019.03.26kedd ,11,5.2
2019.03.27szerda ,9,1.6
2019.03.28cs?t?rt?k ,13.2,-1.1
2019.03.29p?ntek ,13.8,2.3
2019.03.30szombat ,15.7,2.1
2019.03.31vas?rnap ,17.7,3.1
2019.04.01h?tfo ,13.9,6.1
2019.04.02kedd ,15.2,5
2019.04.03szerda ,15.5,8.2
2019.04.04cs?t?rt?k ,17,9
2019.04.05p?ntek ,15,6.6
2019.04.06szombat ,15.5,5.9
2019.04.07vas?rnap ,17.6,6.7
2019.04.08h?tfo ,19.7,8.6
2019.04.09kedd ,19,12
2019.04.10szerda ,17.5,10.9
2019.04.11cs?t?rt?k ,14.2,10
2019.04.12p?ntek ,10.5,7.7
2019.04.13szombat ,10.1,7.7
2019.04.14vas?rnap ,14.4,8.4
2019.04.15h?tfo ,12.4,4.6
2019.04.16kedd ,12.8,2.1
2019.04.17szerda ,15.2,3.4
2019.04.18cs?t?rt?k ,18.4,9.2
2019.04.19p?ntek ,20.7,11.3
2019.04.20szombat ,19.6,11
2019.04.21vas?rnap ,20.3,11.8
2019.04.22h?tfo ,19.1,12
2019.04.23kedd ,11.8,9.9
2019.04.24szerda ,21.4,10.2
2019.04.25cs?t?rt?k ,23.8,12.7
2019.04.26p?ntek ,25.9,15.8
2019.04.27szombat ,17.7,12.2
2019.04.28vas?rnap ,15.8,11.7
2019.04.29h?tfo ,15.9,10.3
2019.04.30kedd ,16.8,9
2019.05.01szerda ,19.3,10.4
2019.05.02cs?t?rt?k ,21.1,10.8
2019.05.03p?ntek ,16.9,11.9
2019.05.04szombat ,17.4,12.3
2019.05.05vas?rnap ,11.3,7.1
2019.05.06h?tfo ,11.7,7.1
2019.05.07kedd ,15.2,6.8
2019.05.08szerda ,17.8,7.8
2019.05.09cs?t?rt?k ,11.4,9.9
2019.05.10p?ntek ,19.3,9.9
2019.05.11szombat ,22.3,11.2
2019.05.12vas?rnap ,22.3,13.6
2019.05.13h?tfo ,16.4,8.8
2019.05.14kedd ,10.5,6.8
2019.05.15szerda ,11.6,8.5
2019.05.16cs?t?rt?k ,17,7.4
2019.05.17p?ntek ,20,10.4
2019.05.18szombat ,23.4,11.8
2019.05.19vas?rnap ,24.4,14.2
2019.05.20h?tfo ,22.4,15.9
2019.05.21kedd ,19.8,12.7
2019.05.22szerda ,17.6,14.3
2019.05.23cs?t?rt?k ,18.5,12.6
2019.05.24p?ntek ,20.5,10.5
2019.05.25szombat ,23.9,13.6
2019.05.26vas?rnap ,25.6,16
2019.05.27h?tfo ,25.6,17.3
2019.05.28kedd ,23.6,15.3
2019.05.29szerda ,21.8,14.2
2019.05.30cs?t?rt?k ,16.7,12.7
2019.05.31p?ntek ,23.1,12.9
2019.06.01szombat ,25.2,15.8
2019.06.02vas?rnap ,27.2,17
2019.06.03h?tfo ,28.1,18.1
2019.06.04kedd ,27.5,18.7
2019.06.05szerda ,27.7,19.7
2019.06.06cs?t?rt?k ,26.2,17.3
2019.06.07p?ntek ,27.7,18.2
2019.06.08szombat ,27.1,18.2
2019.06.09vas?rnap ,28.1,17.9
2019.06.10h?tfo ,30.4,20
2019.06.11kedd ,30.9,21.1
2019.06.12szerda ,31.1,21.5
2019.06.13cs?t?rt?k ,33.3,22.3
2019.06.14p?ntek ,33,23.3
2019.06.15szombat ,33.8,23.6
2019.06.16vas?rnap ,31.7,24.4
2019.06.17h?tfo ,29.4,21
2019.06.18kedd ,26.6,19.9
2019.06.19szerda ,29.7,22.9
2019.06.20cs?t?rt?k ,29.8,22.4
2019.06.21p?ntek ,29.2,21
2019.06.22szombat ,29.8,22.3
2019.06.23vas?rnap ,26.8,21.1
2019.06.24h?tfo ,29,20.3
2019.06.25kedd ,31.3,20.4
2019.06.26szerda ,32.5,23.9
2019.06.27cs?t?rt?k ,32.5,23.2
2019.06.28p?ntek ,26.2,18.3
2019.06.29szombat ,28.2,18.6
2019.06.30vas?rnap ,29.1,20.7
2019.07.01h?tfo ,32.2,20.8
2019.07.02kedd ,30.9,23.2
2019.07.03szerda ,27.1,20.1
2019.07.04cs?t?rt?k ,25.8,19.1
2019.07.05p?ntek ,28.4,19.7
2019.07.06szombat ,29.6,20.8
2019.07.07vas?rnap ,24.3,20.8
2019.07.08h?tfo ,23,17.4
2019.07.09kedd ,22.5,17.7
2019.07.10szerda ,23.1,17.3
2019.07.11cs?t?rt?k ,23.9,15.1
2019.07.12p?ntek ,21.3,17.3
2019.07.13szombat ,22.4,15.9
2019.07.14vas?rnap ,25.9,15.6
2019.07.15h?tfo ,23.8,17.6
2019.07.16kedd ,26.1,18
2019.07.17szerda ,24.6,14.7
2019.07.18cs?t?rt?k ,27.8,18.8
2019.07.19p?ntek ,28.5,20.2
2019.07.20szombat ,30.2,20.8
2019.07.21vas?rnap ,32,22
2019.07.22h?tfo ,28.6,21.1
2019.07.23kedd ,27.8,21.2
2019.07.24szerda ,29.8,19.9
2019.07.25cs?t?rt?k ,30.1,21.6
2019.07.26p?ntek ,32.5,22.6
2019.07.27szombat ,30.2,21.8
2019.07.28vas?rnap ,32.2,20.7
2019.07.29h?tfo ,29.3,20.7
2019.07.30kedd ,30.5,20.8
2019.07.31szerda ,28.7,22.6
2019.08.01cs?t?rt?k ,30.6,21.8
2019.08.02p?ntek ,27.9,21.8
2019.08.03szombat ,25.8,18.2
2019.08.04vas?rnap ,26.9,17.5
2019.08.05h?tfo ,27.2,19.7
2019.08.06kedd ,31.2,20.5
2019.08.07szerda ,31.7,22.6
2019.08.08cs?t?rt?k ,28.8,20.7
2019.08.09p?ntek ,30.7,22
2019.08.10szombat ,33.4,23.1
2019.08.11vas?rnap ,33.6,23.7
2019.08.12h?tfo ,36.2,24.8
2019.08.13kedd ,28,20.3
2019.08.14szerda ,23,17.4
2019.08.15cs?t?rt?k ,24.2,16.8
2019.08.16p?ntek ,25.4,19.1
2019.08.17szombat ,27.4,17.9
2019.08.18vas?rnap ,29.7,20
2019.08.19h?tfo ,32.3,21.7
2019.08.20kedd ,33.6,23.3
2019.08.21szerda ,30.2,22.5
2019.08.22cs?t?rt?k ,27.7,19.4
2019.08.23p?ntek ,30.5,21.6
2019.08.24szombat ,32.1,23.4
2019.08.25vas?rnap ,32,23.7
2019.08.26h?tfo ,31.5,24.3
2019.08.27kedd ,31.5,24.4
2019.08.28szerda ,33.4,24.7
2019.08.29cs?t?rt?k ,33.1,25.4
2019.08.30p?ntek ,34.7,24.7
2019.08.31szombat ,33.1,25
2019.09.01vas?rnap ,32.3,24.8
2019.09.02h?tfo ,32.6,22.2
2019.09.03kedd ,21.9,16.1
2019.09.04szerda ,25.6,15.9
2019.09.05cs?t?rt?k ,26.5,18.6
2019.09.06p?ntek ,26.3,17.3
2019.09.07szombat ,20.5,18.2
2019.09.08vas?rnap ,23,17.6
2019.09.09h?tfo ,21.8,15
2019.09.10kedd ,22.7,14.7
2019.09.11szerda ,26.1,16.7
2019.09.12cs?t?rt?k ,25.5,19.7
2019.09.13p?ntek ,25.4,16.3
2019.09.14szombat ,25.6,18.4
2019.09.15vas?rnap ,23.8,15.7
2019.09.16h?tfo ,26.7,17.5
2019.09.17kedd ,22,16.7
2019.09.18szerda ,17.2,11.2
2019.09.19cs?t?rt?k ,17.1,10.4
2019.09.20p?ntek ,18.8,9.8
2019.09.21szombat ,19.5,12.4
2019.09.22vas?rnap ,22.5,13.1
2019.09.23h?tfo ,17.7,13.7
2019.09.24kedd ,20.4,14.2
2019.09.25szerda ,20.2,14.9
2019.09.26cs?t?rt?k ,21.1,14.5
2019.09.27p?ntek ,23,14.7
2019.09.28szombat ,17.5,16.4
2019.09.29vas?rnap ,22.6,14.7
2019.09.30h?tfo ,24,15.9
2019.10.01kedd ,22.7,13.4
2019.10.02szerda ,23.1,15.9
2019.10.03cs?t?rt?k ,15.2,10.2
2019.10.04p?ntek ,16.2,8.1
2019.10.05szombat ,13.1,10.3
2019.10.06vas?rnap ,14.6,8.9
2019.10.07h?tfo ,12.1,8.2
2019.10.08kedd ,13.9,7.2
2019.10.09szerda ,19.2,10.3
2019.10.10cs?t?rt?k ,15.4,11.1
2019.10.11p?ntek ,17.3,9.4
2019.10.12szombat ,20.6,11.1
2019.10.13vas?rnap ,20.6,13.3
